id,T,tree_entropy
341935871,0.0,0.0
499607475,0.0,0.1831020481113516
176392498,9.462217385177244,0.0
65159874,0.0,0.1831020481113516
77886457,0.0,0.11552453009332421
